{
  "cues": {
    "stdSnookerCue": {
      "name": "斯诺克杆",
      "frontLength": 1072.0,
      "midLength": 5.0,
      "backLength": 365.0,
      "tipThickness": 7.0,
      "ringThickness": 8.0,
      "tipDiameter": 10.0,
      "endDiameter": 24.0,
      "power": 1.0,
      "spin": 1.0,
      "accuracy": 1.0,
      "ringColor": "GOLD-",
      "frontColor": "BISQUE",
      "midColor": "ORANGE+",
      "backColor": "SADDLEBROWN-",
      "privacy": false
    },
    "stdPoolCue": {
      "name": "九球杆",
      "frontLength": 700.0,
      "midLength": 450.0,
      "backLength": 300.0,
      "ringThickness": 10.0,
      "tipThickness": 9.0,
      "tipDiameter": 13.5,
      "endDiameter": 26.0,
      "power": 1.1,
      "spin": 1.1,
      "accuracy": 0.9,
      "ringColor": "OLDLACE",
      "frontColor": "BEIGE",
      "midColor": "GOLDENROD-",
      "backColor": "BLACK++",
      "privacy": false
    },
    "stdBreakCue": {
      "name": "开球杆",
      "frontLength": 1400.0,
      "midLength": 0.0,
      "backLength": 0.0,
      "ringThickness": 0.0,
      "tipThickness": 7.0,
      "tipDiameter": 15.0,
      "endDiameter": 30.0,
      "power": 1.2,
      "spin": 0.8,
      "accuracy": 0.6,
      "ringColor": "BLACK",
      "frontColor": "BLACK++",
      "midColor": "BLACK++",
      "backColor": "BLACK++",
      "privacy": false
    },
    "Master的杆": {
      "name": "Master的杆",
      "frontLength": 1080.0,
      "midLength": 4.0,
      "backLength": 370.0,
      "ringThickness": 9.0,
      "tipThickness": 8.0,
      "tipDiameter": 10.5,
      "endDiameter": 24.0,
      "power": 1.05,
      "spin": 1.05,
      "accuracy": 1.0,
      "ringColor": "GOLD-",
      "frontColor": "BISQUE",
      "midColor": "ORANGE+",
      "backColor": "BLACK++",
      "privacy": true
    },
    "准神杆": {
      "name": "准神杆",
      "frontLength": 1080.0,
      "midLength": 5.0,
      "backLength": 380.0,
      "ringThickness": 9.0,
      "tipThickness": 7.0,
      "tipDiameter": 8.5,
      "endDiameter": 23.0,
      "power": 0.95,
      "spin": 0.85,
      "accuracy": 1.35,
      "ringColor": "GOLD-",
      "frontColor": "BISQUE",
      "midColor": "ORANGE+",
      "backColor": "BLACK++",
      "privacy": true
    },
    "Mang's cue": {
      "name": "莽杆",
      "frontLength": 1000.0,
      "midLength": 10.0,
      "backLength": 440.0,
      "ringThickness": 10.0,
      "tipThickness": 10.0,
      "tipDiameter": 15.0,
      "endDiameter": 30.0,
      "power": 1.15,
      "spin": 1.1,
      "accuracy": 0.7,
      "ringColor": "OLDLACE",
      "frontColor": "BLACK++",
      "midColor": "GOLD+",
      "backColor": "BLACK++",
      "privacy": true
    },
    "Trump's cue": {
      "name": "Trump's cue",
      "frontLength": 1072.0,
      "midLength": 5.0,
      "backLength": 365.0,
      "tipThickness": 7.0,
      "ringThickness": 8.0,
      "tipDiameter": 10.5,
      "endDiameter": 24.0,
      "power": 1.0,
      "spin": 1.05,
      "accuracy": 1.02,
      "ringColor": "GOLD-",
      "frontColor": "BISQUE",
      "midColor": "ORANGE+",
      "backColor": "SADDLEBROWN-",
      "privacy": true
    },
    "Kid's cue": {
      "name": "Kid's cue",
      "frontLength": 1000.0,
      "midLength": 4.0,
      "backLength": 300.0,
      "ringThickness": 9.0,
      "tipThickness": 8.0,
      "tipDiameter": 9.0,
      "endDiameter": 19.0,
      "power": 1.0,
      "spin": 1.0,
      "accuracy": 1.0,
      "ringColor": "GOLD-",
      "frontColor": "BISQUE",
      "midColor": "ORANGE+",
      "backColor": "BLACK++",
      "privacy": true
    }
  }
}