{"players": {
  "Master": {
    "spin": 100,
    "precision": 100,
    "anglePrecision": 1.25,
    "longPrecision": 1.25,
    "name": "Master",
    "maxPower": 100,
    "controllablePower": 100,
    "pullDt": [50.0, 200.0],
    "cuePlayType": "p1,h800,e500;s",
    "cueSwingMag": 0,
    "cuePointMuSigma": [0, 0, 0, 0],
    "powerControl": 100,
    "privateCues": ["Master的杆"],
    "category": "God",
    "psy": 100,
    "ai": {
      "precision": 100,
      "position": 100,
      "defense": 100,
      "attackPri": 100
    }
  },
  "莽子": {
    "spin": 75,
    "precision": 60,
    "anglePrecision": 0.8,
    "longPrecision": 0.8,
    "name": "莽子",
    "maxPower": 100,
    "controllablePower": 86,
    "pullDt": [100.0, 250.0],
    "cuePlayType": "p2.5,h100,e500;l,l,r,r,r,l,l,l",
    "cueSwingMag": 50,
    "cuePointMuSigma": [15, 50, 0, 30],
    "powerControl": 80.0,
    "privateCues": [],
    "category": "Amateur",
    "psy": 95
  },
  "Kid": {
    "spin": 96,
    "precision": 96,
    "anglePrecision": 0.8,
    "longPrecision": 1.25,
    "name": "Kid",
    "maxPower": 56,
    "controllablePower": 44,
    "pullDt": [40.0, 160.0],
    "cuePlayType": "p1.2,h800,e500;s,s,s,s,s,s,s,s",
    "cueSwingMag": 2,
    "cuePointMuSigma": [0, 1, 0, 1],
    "powerControl": 99.5,
    "privateCues": ["Kid's cue"],
    "category": "Professional",
    "psy": 80
  },
  "老油条": {
    "spin": 90.96009879932735,
    "precision": 42.61845386533666,
    "anglePrecision": 1.2,
    "longPrecision": 0.7,
    "name": "老油条",
    "maxPower": 84,
    "controllablePower": 70,
    "pullDt": [40.0, 160.0],
    "cuePlayType": "p1.2,h300,e500;r,r,l,l,l,l,l",
    "cueSwingMag": 25,
    "cuePointMuSigma": [0, 15, 0, 10],
    "powerControl": 94.0,
    "privateCues": [],
    "category": "Amateur",
    "psy": 75,
    "ai": {
      "precision": 65,
      "position": 85,
      "defense": 90,
      "attackPri": 50
    }
  },
  "Mou moumou": {
    "spin": 80,
    "precision": 80,
    "anglePrecision": 1,
    "longPrecision": 1,
    "name": "Mou moumou",
    "maxPower": 88,
    "controllablePower": 72,
    "pullDt": [40.0, 180.0],
    "cuePlayType": "p1.2,h600,e500;l,l,l,r,r,r,r",
    "cueSwingMag": 20,
    "cuePointMuSigma": [0, 15, 0, 10],
    "powerControl": 95.0,
    "privateCues": [],
    "category": "Amateur",
    "psy": 80,
    "ai": {
      "precision": 80,
      "position": 80,
      "defense": 80,
      "attackPri": 80
    }
  },
  "Brown": {
    "spin": 85,
    "precision": 80,
    "anglePrecision": 1,
    "longPrecision": 1.05,
    "name": "Brown",
    "maxPower": 93,
    "controllablePower": 79,
    "pullDt": [40.0, 180.0],
    "cuePlayType": "p1.2,h600,e500;l,l,l,r,r,r,r",
    "cueSwingMag": 12,
    "cuePointMuSigma": [0, 10, 0, 6],
    "powerControl": 96.0,
    "privateCues": [],
    "category": "Professional",
    "psy": 70
  },
  "Ding": {
    "spin": 90.0,
    "precision": 90.0,
    "anglePrecision": 1.2,
    "longPrecision": 1,
    "name": "Ding",
    "maxPower": 92,
    "controllablePower": 80,
    "pullDt": [40.0, 180.0],
    "cuePlayType": "p1,h800,e500;s,s,s,s,s,l,l,l",
    "cueSwingMag": 10,
    "cuePointMuSigma": [0, 2, 0, 4],
    "powerControl": 98.5,
    "privateCues": [],
    "category": "Professional",
    "psy": 65
  },
  "John Wizard": {
    "spin": 96.0,
    "precision": 85.0,
    "anglePrecision": 1.1,
    "longPrecision": 0.9,
    "name": "John Wizard",
    "maxPower": 90,
    "controllablePower": 78,
    "pullDt": [40.0, 190.0],
    "cuePlayType": "p1,h800,e500;s,s,s,s,s,l,l,r",
    "cueSwingMag": 8,
    "cuePointMuSigma": [0, 2, 0, 2],
    "powerControl": 99.0,
    "privateCues": [],
    "category": "Professional",
    "psy": 90
  },
  "Matthew Stevens": {
    "spin": 94.0,
    "precision": 90.0,
    "anglePrecision": 1.0,
    "longPrecision": 1.05,
    "name": "Matthew Stevens",
    "maxPower": 92,
    "controllablePower": 81,
    "pullDt": [50.0, 200.0],
    "cuePlayType": "p1,h800,e500;s,s,s,s,r,l,l,r",
    "cueSwingMag": 10,
    "cuePointMuSigma": [0, 4, 0, 5],
    "powerControl": 97.0,
    "privateCues": [],
    "category": "Professional",
    "psy": 40
  },
  "Trump": {
    "spin": 98,
    "precision": 98,
    "anglePrecision": 1.1,
    "longPrecision": 1.2,
    "name": "Trump",
    "maxPower": 99,
    "controllablePower": 92,
    "pullDt": [50.0, 220.0],
    "cuePlayType": "p1,h800,e500;r,r,l,l,l,r,r,r",
    "cueSwingMag": 8,
    "cuePointMuSigma": [0, 1, 0, 6],
    "powerControl": 96.5,
    "privateCues": ["Trump's cue"],
    "category": "Professional",
    "psy": 70,
    "ai": {
      "precision": 96,
      "position": 91,
      "defense": 82,
      "attackPri": 95
    }
  },
  "Murphy": {
    "spin": 95,
    "precision": 82,
    "anglePrecision": 0.9,
    "longPrecision": 1,
    "name": "Murphy",
    "maxPower": 95,
    "controllablePower": 87,
    "pullDt": [50.0, 200.0],
    "cuePlayType": "p1,h800,e500;s,s,s,s,s,s,s,s",
    "cueSwingMag": 1,
    "cuePointMuSigma": [0, 1, 0, 4],
    "powerControl": 98.0,
    "privateCues": [],
    "category": "Professional",
    "psy": 75
  },
  "流氓": {
    "spin": 50,
    "precision": 98,
    "anglePrecision": 1.25,
    "longPrecision": 1.25,
    "name": "流氓",
    "maxPower": 100,
    "controllablePower": 80,
    "pullDt": [50.0, 200.0],
    "cuePlayType": "p1,h800,e500;s",
    "cueSwingMag": 0,
    "cuePointMuSigma": [0, 0, 0, 5],
    "powerControl": 85.0,
    "privateCues": ["准神杆"],
    "category": "Amateur",
    "psy": 95
  },
  "Smart": {
    "spin": 97,
    "precision": 99,
    "anglePrecision": 1.2,
    "longPrecision": 1.25,
    "name": "Smart",
    "maxPower": 100,
    "controllablePower": 88,
    "pullDt": [50.0, 250.0],
    "cuePlayType": "p1,h1000,e500;l,l,r,r,l,l,r,r",
    "cueSwingMag": 4,
    "cuePointMuSigma": [0, 1, 0, 10],
    "powerControl": 90.0,
    "privateCues": [],
    "category": "Professional",
    "psy": 85,
    "ai": {
      "precision": 99,
      "position": 85,
      "defense": 60,
      "attackPri": 98
    }
  },
  "莽大力": {
    "spin": 100,
    "precision": 40,
    "anglePrecision": 0.7,
    "longPrecision": 0.6,
    "name": "莽大力",
    "maxPower": 100,
    "controllablePower": 98,
    "pullDt": [80.0, 250.0],
    "cuePlayType": "p1,h800,e500;s,s,s,s,s,l,l,l",
    "cueSwingMag": 25,
    "cuePointMuSigma": [0, 15, 0, 1],
    "powerControl": 95,
    "privateCues": ["Mang's cue"],
    "category": "Amateur",
    "psy": 95
  },
  "Noob": {
    "spin": 30,
    "precision": 30,
    "anglePrecision": 0.5,
    "longPrecision": 0.5,
    "name": "Noob",
    "maxPower": 65,
    "controllablePower": 42,
    "pullDt": [30.0, 150.0],
    "cuePlayType": "p1.5,h200,e400;r,r,l,l,l,l,l,l",
    "cueSwingMag": 80,
    "cuePointMuSigma": [-30, 70, 10, 50],
    "powerControl": 70.0,
    "privateCues": [],
    "category": "Amateur",
    "psy": 50,
    "ai": {
      "precision": 30,
      "position": 10,
      "defense": 10,
      "attackPri": 100
    }
  }
}}